long_hair,forehead_width_cm,forehead_height_cm,nose_wide,nose_long,lips_thin,distance_nose_to_lip_long,RowNum,gender
20,15,18,20,20,20,20,1272,0
20,-5,8,20,20,-20,20,1273,0
20,12,2,20,20,20,20,1277,0
20,-1,4,20,20,20,20,1278,0
20,-14,0,20,20,20,20,1279,0
20,14,14,20,20,20,20,1280,0
-20,-13,6,20,20,20,20,1281,0
20,15,10,20,20,20,20,1282,0
20,0,-12,20,20,20,20,1283,0
20,15,-10,20,20,20,20,1284,0
20,20,-6,20,20,20,20,1286,0
20,-15,14,20,20,-20,20,1287,0
20,-1,10,20,20,20,-20,1288,0
20,15,12,20,20,20,20,1289,0
20,-9,-10,20,20,20,-20,1291,0
20,14,0,20,20,20,20,1295,0
20,-14,2,20,20,20,-20,1296,0
20,7,-2,20,20,20,20,1297,0
20,6,-4,20,20,20,20,1298,0
20,13,6,20,20,20,20,1303,0
20,5,6,20,20,20,20,1304,0
20,20,20,20,20,-20,20,1306,0
20,15,12,20,20,20,20,1307,0
20,15,-10,20,20,20,20,1311,0
20,11,0,-20,-20,20,20,1313,0
20,11,-10,20,-20,20,20,1314,0
20,16,14,20,20,-20,20,1315,0
-20,16,2,20,20,20,20,1316,0
-20,15,-6,20,20,20,20,1317,0
20,19,14,20,20,-20,20,1320,0
20,-11,-16,20,20,20,20,1322,0
20,-14,2,20,20,20,20,1323,0
20,20,20,20,20,20,20,1324,0
20,-9,4,20,20,-20,20,1325,0
20,-6,6,-20,20,20,-20,1333,0
-20,2,-20,20,20,20,20,1334,0
20,5,-12,20,20,-20,20,1335,0
20,10,16,20,20,20,20,1336,0
20,17,-18,-20,20,20,20,1340,0
20,20,0,20,20,20,20,1343,0
20,-3,-10,20,20,-20,-20,1344,0
20,-6,12,20,20,20,20,1347,0
20,-10,-6,20,20,20,20,1348,0
20,11,8,20,20,20,20,1354,0
20,17,-4,-20,20,20,20,1357,0
20,-18,-6,-20,20,20,20,1361,0
20,0,10,20,-20,20,20,1362,0
20,7,4,-20,-20,20,20,1368,0
20,-6,16,20,20,20,20,1373,0
-20,-4,8,20,20,20,20,1374,0
20,10,8,20,-20,20,20,1376,0
20,-7,16,-20,20,20,20,1377,0
20,-7,-4,20,20,20,20,1378,0
-20,17,-18,20,20,20,20,1380,0
20,15,6,20,20,20,20,1381,0
20,1,10,20,-20,20,20,1382,0
20,5,0,20,20,20,20,1385,0
20,-9,16,20,-20,20,20,1388,0
20,12,14,20,20,20,-20,1389,0
20,16,-6,20,20,20,-20,1391,0
20,-11,-2,20,20,20,20,1393,0
20,14,2,20,20,20,20,1394,0
20,-16,2,20,20,-20,-20,1403,0
20,-7,14,20,20,20,-20,1404,0
20,17,6,20,20,20,20,1406,0
20,17,-20,20,20,20,20,1408,0
20,8,-18,20,20,20,20,1409,0
20,-1,6,20,20,20,-20,1411,0
20,7,0,20,20,20,20,1412,0
20,1,-20,20,20,20,20,1413,0
20,19,-8,-20,-20,-20,20,1415,0
20,1,6,20,20,20,20,1416,0
20,18,-18,20,20,20,20,1417,0
20,-15,4,-20,20,20,20,1418,0
20,7,4,20,20,20,20,1421,0
20,20,10,20,20,20,-20,1422,0
20,-13,0,20,20,20,20,1423,0
20,9,-6,20,20,20,20,1424,0
20,-2,10,20,20,20,20,1429,0
-20,-9,-12,20,20,20,20,1430,0
20,-14,-4,20,20,20,20,1431,0
-20,10,-20,-20,20,20,-20,1437,0
20,14,-14,20,20,20,20,1438,0
20,-2,16,20,20,20,20,1439,0
20,4,-8,20,-20,20,20,1441,0
20,12,-10,20,20,20,20,1447,0
-20,-13,6,20,20,20,20,1450,0
-20,12,8,20,20,-20,20,1451,0
20,-4,-4,20,-20,-20,20,1452,0
20,-6,8,20,20,20,20,1453,0
20,9,6,20,20,20,20,1456,0
20,10,4,20,20,20,-20,1457,0
20,-19,18,20,20,20,20,1461,0
20,6,2,20,-20,20,20,1463,0
20,5,-10,20,20,20,-20,1464,0
-20,3,8,20,20,20,20,1465,0
20,3,10,20,20,20,20,1467,0
20,-18,2,20,20,-20,20,1469,0
20,-17,18,-20,20,20,20,1471,0
20,-14,4,20,20,20,20,1474,0
-20,-11,-12,20,20,-20,20,1475,0
-20,9,-2,20,20,20,20,1477,0
20,-17,-12,20,20,-20,-20,1478,0
20,-1,-18,20,20,20,-20,1481,0
20,12,2,20,20,20,20,1482,0
20,2,-6,20,20,20,20,1485,0
20,7,-2,20,20,20,20,1487,0
20,0,-16,20,20,20,20,1489,0
20,18,6,20,20,20,-20,1490,0
20,-19,-8,20,20,20,-20,1491,0
20,10,-2,20,20,20,20,1492,0
20,10,4,-20,20,20,20,1495,0
20,11,-16,20,20,-20,20,1496,0
20,7,-12,20,20,20,20,1497,0
20,-2,-8,20,20,20,20,1501,0
-20,15,12,20,20,-20,20,1504,0
20,12,20,20,-20,20,20,1505,0
20,14,8,20,20,20,20,1508,0
20,10,0,20,20,20,20,1510,0
-20,3,4,20,20,20,20,1511,0
20,8,4,20,-20,-20,20,1512,0
20,2,8,20,20,20,20,1513,0
20,4,-4,20,20,20,20,1515,0
20,-15,8,20,20,20,20,1519,0
20,3,16,20,20,-20,20,1520,0
20,5,6,20,20,20,20,1524,0
20,6,-8,20,20,20,20,1525,0
20,-8,6,-20,20,20,20,1528,0
20,1,-4,20,20,20,-20,1532,0
-20,7,-6,-20,20,20,20,1533,0
20,-4,-2,-20,20,20,-20,1536,0
-20,6,-4,20,20,20,20,1538,0
20,-18,14,20,20,20,20,1539,0
20,-1,-16,20,20,20,20,1540,0
20,-19,-8,20,20,20,20,1545,0
20,14,8,20,-20,20,20,1546,0
20,17,-8,20,20,20,20,1548,0
-20,12,-10,20,-20,20,20,1549,0
20,-9,2,20,20,20,20,1550,0
20,9,18,20,20,20,20,1551,0
20,2,14,20,20,20,20,1554,0
20,-16,-8,20,20,20,20,1557,0
20,0,-8,20,20,20,20,1559,0
20,6,2,20,20,20,20,1560,0
20,2,16,20,-20,20,20,1561,0
20,19,-20,20,20,20,20,1562,0
20,-9,10,20,20,20,20,1563,0
20,0,12,20,20,20,20,1564,0
-20,1,-6,20,20,20,20,1566,0
20,1,-20,20,20,20,20,1568,0
20,-10,16,-20,20,20,20,1572,0
20,-4,-20,20,20,20,20,1578,0
-20,-6,-2,20,20,20,20,1581,0
20,3,-16,-20,20,20,20,1582,0
20,16,-4,20,20,20,20,1583,0
20,-2,-18,20,20,20,-20,1584,0
20,0,-2,20,20,20,20,1585,0
20,-10,-12,20,20,20,20,1588,0
20,5,8,20,20,20,20,1590,0
20,20,18,20,-20,20,-20,1591,0
20,-14,10,20,-20,20,20,1592,0
20,-13,-18,20,-20,20,20,1594,0
20,8,14,20,20,-20,20,1596,0
20,-2,-14,20,20,20,20,1598,0
-20,17,14,20,20,20,20,1601,0
20,-1,10,20,20,20,20,1602,0
20,-1,-16,20,20,-20,20,1603,0
20,-18,4,-20,20,20,20,1604,0
20,15,4,20,-20,20,20,1605,0
-20,-18,-6,-20,-20,20,20,1606,0
-20,2,-12,20,20,-20,20,1607,0
20,-17,-12,20,20,20,20,1608,0
20,-8,-18,20,20,20,20,1609,0
20,16,-8,20,20,20,20,1610,0
20,-13,10,20,20,20,-20,1613,0
20,-12,-8,-20,20,20,20,1615,0
20,-18,12,-20,20,-20,20,1616,0
20,19,20,20,20,20,-20,1617,0
20,-8,16,20,20,20,20,1621,0
20,20,4,-20,20,20,20,1623,0
-20,-1,4,20,20,-20,20,1624,0
20,-18,20,20,20,20,-20,1625,0
20,13,18,20,20,20,20,1630,0
20,15,10,20,20,20,20,1631,0
20,-17,-16,-20,20,20,20,1634,0
20,3,0,20,20,20,20,1635,0
20,-3,4,20,20,20,20,1636,0
-20,-13,-14,20,-20,-20,20,1637,0
-20,20,-18,-20,-20,-20,20,1640,0
20,20,-20,20,20,20,20,1641,0
-20,3,-8,20,20,-20,-20,1643,0
-20,13,20,20,-20,20,20,1646,0
-20,10,-12,-20,20,20,-20,1648,0
-20,16,2,20,20,20,-20,1651,0
20,19,-6,20,20,20,20,1655,0
20,7,-12,20,20,20,20,1656,0
20,-16,0,20,20,20,20,1658,0
20,-15,8,20,20,20,20,1663,0
20,19,12,20,20,-20,20,1664,0
20,16,4,20,20,20,20,1665,0
20,-14,10,20,20,20,20,1666,0
20,5,-18,20,20,20,20,1667,0
20,-8,-2,20,-20,20,20,1671,0
20,-13,-14,-20,20,20,20,1672,0
20,1,-20,-20,20,20,-20,1673,0
20,10,-12,20,-20,20,20,1674,0
20,-12,6,20,20,20,20,1676,0
20,12,-20,20,20,20,20,1678,0
20,8,14,20,20,20,20,1679,0
20,19,12,20,20,-20,20,1680,0
20,-14,12,20,20,20,20,1681,0
20,-14,10,20,20,20,20,1683,0
20,2,-12,20,20,-20,20,1684,0
20,2,0,-20,20,20,20,1689,0
20,6,10,20,20,20,20,1691,0
20,11,-4,20,20,20,20,1692,0
-20,-12,-20,20,20,20,20,1696,0
20,-13,20,20,-20,20,20,1698,0
-20,-9,16,-20,-20,20,20,1699,0
20,3,10,20,20,20,20,1702,0
20,-9,16,20,20,20,20,1703,0
20,12,12,20,20,20,20,1704,0
20,10,8,20,20,20,20,1706,0
20,9,14,-20,20,20,20,1707,0
20,17,-20,20,20,20,20,1713,0
20,-18,20,20,20,-20,20,1714,0
20,10,16,20,20,20,20,1718,0
20,-19,-18,20,20,20,20,1719,0
20,19,14,-20,20,20,20,1720,0
20,18,-10,20,20,20,20,1722,0
20,7,18,20,20,20,20,1724,0
20,-16,12,20,-20,20,20,1728,0
20,1,20,20,20,20,20,1729,0
20,-7,-10,20,20,20,-20,1733,0
20,8,6,20,20,20,20,1734,0
20,-9,-14,20,-20,20,20,1735,0
20,2,0,-20,-20,-20,-20,1738,0
20,0,-16,20,20,-20,20,1739,0
20,10,2,20,20,-20,20,1742,0
20,6,-20,20,20,-20,20,1745,0
20,-17,8,-20,20,20,20,1746,0
20,-3,10,20,20,20,20,1747,0
20,10,-2,20,20,20,20,1748,0
-20,-2,20,20,-20,20,-20,1749,0
20,13,-18,20,20,20,20,1751,0
-20,-1,6,20,20,-20,20,1752,0
20,-8,-10,20,20,20,20,1754,0
20,14,-18,20,20,20,20,1756,0
-20,-16,18,20,20,20,-20,1757,0
20,-9,-20,20,-20,20,20,1759,0
20,-19,2,20,20,20,20,1760,0
20,-16,20,20,20,20,20,1761,0
20,-18,-2,-20,-20,20,20,1763,0
20,9,-2,20,20,20,20,1764,0
20,17,-8,20,20,20,20,1765,0
20,9,-6,-20,20,20,20,1766,0
20,7,-16,20,20,-20,20,1769,0
20,-2,6,20,20,20,20,1771,0
-20,8,0,20,20,20,20,1772,0
-20,-16,4,20,20,20,20,1773,0
20,-3,-4,20,20,20,20,1786,0
20,20,18,20,20,20,20,1787,0
20,12,10,20,20,20,20,1789,0
-20,-11,-10,20,-20,20,20,1790,0
20,-7,0,20,20,20,20,1798,0
20,15,-14,20,20,20,20,1799,0
20,6,6,20,20,20,20,1800,0
20,0,0,20,20,20,20,1802,0
20,-2,4,20,20,20,-20,1803,0
20,10,8,-20,20,20,20,1804,0
20,3,10,20,20,20,20,1807,0
20,18,-12,-20,20,-20,20,1808,0
20,-3,-16,20,20,20,20,1809,0
20,0,4,20,20,20,20,1810,0
20,-4,10,-20,20,20,20,1811,0
-20,12,-16,20,20,20,20,1814,0
20,20,-20,20,-20,20,20,1817,0
-20,9,10,20,-20,20,20,1819,0
20,-1,-10,20,20,20,20,1820,0
20,-8,16,20,20,20,20,1822,0
20,-10,-18,20,20,20,20,1824,0
20,8,14,20,20,20,20,1826,0
20,4,6,-20,20,-20,20,1827,0
-20,-4,-8,20,20,20,20,1830,0
20,0,14,20,20,20,20,1831,0
20,10,8,-20,20,20,20,1833,0
20,10,20,20,20,20,-20,1834,0
20,18,10,20,20,20,20,1838,0
20,12,12,20,20,-20,-20,1840,0
-20,3,4,20,20,20,20,1843,0
20,-1,-14,20,-20,20,-20,1844,0
20,-7,18,20,20,20,20,1846,0
20,10,8,-20,20,20,20,1847,0
20,-16,14,20,20,20,20,1848,0
20,15,-14,20,20,20,20,1849,0
20,13,-2,-20,20,20,20,1850,0
-20,-10,-6,20,20,20,20,1852,0
20,10,-14,20,20,-20,20,1853,0
20,-10,-20,20,20,20,20,1854,0
20,-2,-4,20,20,20,20,1855,0
20,-4,-12,20,20,20,20,1856,0
20,-19,-2,20,-20,20,20,1857,0
20,-13,14,20,-20,20,20,1858,0
20,3,14,20,20,20,20,1859,0
20,2,-18,20,20,-20,20,1861,0
20,-1,-6,20,20,20,20,1864,0
20,-16,-2,20,20,20,20,1867,0
20,13,-14,20,20,20,20,1869,0
20,-1,-12,20,20,-20,20,1872,0
20,-5,-2,20,20,20,20,1874,0
20,12,0,20,20,20,20,1878,0
20,-5,18,-20,20,20,20,1880,0
20,-2,16,20,20,20,-20,1881,0
20,6,-4,20,20,20,20,1885,0
20,2,-6,20,20,20,-20,1886,0
20,-12,-20,-20,20,20,-20,1888,0
20,0,-18,20,20,20,-20,1890,0
20,-19,20,20,20,20,20,1891,0
20,18,-10,20,-20,20,-20,1892,0
20,10,18,20,20,20,20,1896,0
20,-5,-18,20,20,20,20,1899,0
20,-9,-10,20,20,20,20,1900,0
20,18,2,20,20,20,-20,1901,0
20,6,-2,20,20,-20,20,1902,0
20,5,-8,20,20,20,-20,1904,0
-20,-13,-8,20,20,20,-20,1906,0
20,1,4,20,20,20,20,1907,0
-20,-4,8,20,20,20,20,1910,0
20,-13,-8,20,20,20,20,1912,0
20,-16,-12,20,20,20,20,1913,0
20,-17,16,20,-20,-20,20,1915,0
20,-18,-18,20,20,20,-20,1917,0
20,15,8,20,-20,20,20,1918,0
20,8,-20,20,20,20,20,1919,0
20,18,-16,20,20,20,20,1921,0
20,4,4,20,20,20,20,1926,0
20,13,16,20,20,20,20,1927,0
20,5,-10,20,20,20,20,1931,0
20,-10,-10,20,20,20,20,1935,0
-20,17,8,-20,-20,20,20,1937,0
20,1,4,20,20,20,20,1938,0
20,-15,-12,-20,20,20,20,1940,0
20,17,-8,20,-20,20,20,1942,0
-20,18,2,20,-20,-20,20,1947,0
20,-2,0,20,20,20,20,1949,0
20,17,-18,20,20,20,20,1950,0
20,18,20,20,-20,20,20,1951,0
20,7,-4,-20,20,-20,-20,1952,0
20,13,0,20,20,20,-20,1953,0
20,-5,-14,-20,20,-20,20,1955,0
20,-16,6,-20,20,20,-20,1956,0
20,5,-16,20,20,20,20,1957,0
20,-3,14,20,20,20,20,1961,0
-20,3,-2,20,20,20,20,1962,0
20,13,14,-20,20,20,20,1965,0
-20,-14,-16,20,20,20,20,1967,0
20,2,-14,20,20,20,20,1973,0
-20,16,2,-20,20,20,20,1974,0
20,-8,4,20,20,20,20,1975,0
20,6,2,20,20,20,20,1977,0
20,15,-12,20,20,20,20,1978,0
20,-9,8,20,20,-20,20,1979,0
20,-15,-8,-20,20,20,20,1981,0
20,-15,-12,20,20,20,20,1986,0
20,19,8,20,20,20,20,1987,0
20,9,18,20,20,20,20,1988,0
-20,-11,-12,20,20,20,20,1990,0
20,20,10,20,20,-20,20,1991,0
20,-15,20,-20,20,-20,20,1993,0
20,-4,-18,20,20,-20,20,1995,0
-20,-17,12,20,20,20,20,1999,0
20,5,10,20,20,20,20,2003,0
20,-16,-8,20,20,20,20,2006,0
20,-13,-10,20,20,20,-20,2007,0
20,-15,14,20,20,20,-20,2010,0
20,-6,-20,20,20,20,20,2011,0
20,20,18,20,-20,20,20,2013,0
-20,-6,20,20,20,-20,20,2015,0
20,-13,6,20,20,20,20,2021,0
20,-13,-2,20,20,20,20,2022,0
20,0,18,20,20,20,20,2023,0
20,-9,0,20,20,20,20,2025,0
-20,-11,-16,20,20,20,20,2026,0
20,-5,-8,20,20,20,-20,2027,0
20,-9,6,20,20,20,20,2028,0
20,10,-12,20,20,20,20,2029,0
20,13,-6,-20,20,20,-20,2030,0
20,13,6,-20,-20,20,-20,2031,0
-20,-10,8,-20,20,20,20,2032,0
20,-19,10,20,-20,20,20,2033,0
20,9,-6,20,20,20,20,2036,0
20,8,14,20,20,-20,-20,2041,0
20,-12,14,20,20,20,20,2042,0
20,0,10,20,20,-20,20,2044,0
20,12,-18,20,20,20,20,2048,0
-20,20,20,20,20,20,20,2052,0
20,12,10,20,20,20,20,2055,0
20,2,16,20,20,20,20,2056,0
20,-13,-20,20,20,20,20,2057,0
20,-16,-20,20,20,20,20,2062,0
20,20,-16,20,20,20,20,2063,0
20,16,-2,20,20,20,20,2064,0
-20,-16,20,20,20,-20,20,2065,0
20,-8,8,20,20,20,20,2067,0
20,2,-16,20,-20,20,20,2069,0
20,11,12,20,20,20,20,2071,0
20,4,8,20,20,20,20,2073,0
20,-1,-10,20,20,20,20,2075,0
20,10,2,20,20,20,20,2077,0
20,2,-4,20,20,20,20,2078,0
20,-9,16,20,20,20,20,2080,0
20,-14,6,20,20,20,20,2082,0
20,18,-18,20,20,20,20,2085,0
20,-18,-6,20,20,20,20,2090,0
20,-10,14,-20,-20,20,20,2091,0
20,0,16,20,20,20,20,2092,0
20,-15,-8,20,20,20,20,2094,0
20,1,-18,20,20,20,20,2098,0
20,1,-10,-20,20,20,20,2100,0
20,19,20,20,20,20,20,2102,0
20,20,-2,20,20,20,-20,2103,0
20,8,-4,20,20,20,20,2105,0
20,-6,14,20,20,20,20,2107,0
20,11,18,20,20,20,20,2109,0
-20,0,-4,-20,20,20,20,2112,0
20,16,12,20,20,20,20,2115,0
20,-19,-2,20,20,20,20,2117,0
20,16,-10,20,20,20,20,2119,0
-20,-1,-20,-20,-20,20,20,2121,0
20,19,10,20,-20,20,20,2123,0
20,1,-18,20,20,20,20,2124,0
20,-19,-2,20,20,20,20,2125,0
20,3,-4,20,20,20,20,2131,0
-20,-15,10,20,20,20,20,2132,0
20,-9,8,20,20,20,20,2134,0
20,4,-4,20,20,20,20,2137,0
-20,7,18,20,20,-20,20,2138,0
20,7,8,20,20,20,20,2139,0
20,17,-14,20,20,20,20,2140,0
20,13,20,20,20,20,20,2142,0
-20,-3,-18,-20,20,20,-20,2143,0
-20,16,-2,-20,20,20,20,2144,0
20,-3,-18,20,20,-20,20,2145,0
20,4,-12,20,-20,20,20,2146,0
-20,18,4,20,20,-20,20,2147,0
20,-9,-4,20,20,-20,20,2148,0
20,6,6,20,-20,20,20,2149,0
20,-15,12,20,-20,-20,20,2150,0
20,15,-10,20,20,20,20,2152,0
20,-9,-6,20,20,-20,20,2153,0
-20,-19,18,20,20,20,-20,2155,0
20,18,-10,-20,20,20,20,2156,0
-20,0,6,20,20,-20,20,2158,0
20,-7,-2,20,20,20,20,2159,0
20,18,2,20,20,20,20,2160,0
20,-10,8,20,20,20,20,2162,0
20,-6,14,20,20,20,20,2165,0
20,1,-6,20,20,20,20,2168,0
-20,-9,8,20,20,20,20,2169,0
-20,-13,18,20,20,20,20,2171,0
-20,-4,4,20,20,20,20,2174,0
20,-16,-18,20,20,20,20,2179,0
20,7,0,20,20,20,20,2182,0
-20,-11,20,20,20,20,20,2184,0
20,-2,10,20,-20,20,20,2186,0
20,-2,10,20,20,20,20,2187,0
20,-10,-20,20,20,20,20,2189,0
20,-10,-18,20,20,20,20,2191,0
20,-9,10,20,20,20,20,2194,0
20,-7,-4,20,20,20,20,2197,0
20,-2,-4,-20,20,20,20,2204,0
-20,17,-20,20,20,20,20,2205,0
20,-3,-18,20,20,20,20,2208,0
-20,-18,12,20,20,-20,20,2211,0
20,13,-8,20,20,20,20,2212,0
-20,6,-10,20,20,20,20,2214,0
20,3,0,20,20,20,20,2215,0
20,-13,10,20,20,20,20,2216,0
20,-11,-6,20,20,20,20,2218,0
20,7,-16,20,20,20,20,2219,0
20,8,0,20,20,20,20,2221,0
20,17,16,20,20,20,20,2222,0
20,7,-6,20,20,20,20,2225,0
20,-19,-4,20,20,20,20,2226,0
20,17,-2,20,20,20,20,2227,0
20,-13,-4,20,20,20,20,2228,0
20,-11,-16,-20,20,20,20,2232,0
20,-11,-14,20,20,20,20,2233,0
20,-16,12,20,-20,20,20,2235,0
20,11,6,20,20,-20,20,2237,0
20,-2,-14,20,20,20,20,2239,0
20,-7,-16,20,20,20,20,2242,0
20,14,-16,20,20,-20,20,2245,0
20,14,-20,20,20,20,20,2246,0
20,17,2,20,20,20,20,2248,0
20,16,-6,20,20,20,20,2257,0
20,-8,16,20,20,20,20,2263,0
-20,8,-18,20,20,20,20,2264,0
20,0,-12,-20,20,20,20,2265,0
20,4,8,20,20,20,20,2266,0
20,17,-18,20,20,20,20,2269,0
-20,-6,2,20,20,20,20,2270,0
20,9,-8,20,20,20,20,2272,0
20,14,18,20,20,20,20,2274,0
20,-12,-16,20,20,20,20,2277,0
-20,-15,4,20,-20,20,20,2278,0
20,20,-2,20,20,20,20,2279,0
20,20,-12,20,20,20,20,2280,0
20,-4,8,20,20,20,20,2286,0
20,3,18,20,-20,-20,20,2287,0
20,17,-10,-20,20,20,20,2288,0
20,-16,16,20,20,20,20,2289,0
20,-6,6,20,20,20,-20,2290,0
20,-13,18,20,20,20,20,2291,0
20,-18,-16,20,20,20,-20,2294,0
20,14,4,20,20,20,-20,2295,0
20,10,-20,-20,20,20,20,2296,0
-20,19,-14,20,20,20,20,2298,0
20,6,14,20,20,20,20,2299,0
20,6,6,20,-20,20,20,2300,0
20,-5,-4,20,20,20,20,2303,0
20,2,8,20,20,20,-20,2306,0
20,12,-20,20,20,20,-20,2307,0
20,-15,0,20,20,20,20,2314,0
20,-12,20,20,20,20,-20,2315,0
20,8,12,20,20,20,20,2316,0
20,-14,4,20,20,20,-20,2317,0
20,-10,-12,20,20,-20,20,2318,0
20,4,20,20,20,20,20,2319,0
20,-1,20,20,20,-20,-20,2321,0
20,20,8,20,20,20,20,2325,0
20,0,-4,20,20,-20,20,2332,0
20,19,16,20,20,20,20,2333,0
-20,-9,-12,20,-20,20,20,2334,0
20,-15,16,20,20,20,20,2338,0
20,7,-2,20,20,20,20,2340,0
20,0,18,20,-20,20,20,2341,0
20,-1,-18,20,20,20,-20,2343,0
20,-3,8,20,20,20,20,2344,0
20,15,-16,20,20,20,20,2348,0
20,-18,-10,20,20,20,20,2349,0
20,-2,-6,20,20,20,20,2350,0
20,15,16,-20,20,20,20,2352,0
20,14,-10,20,20,-20,-20,2353,0
-20,-15,20,20,-20,20,20,2354,0
20,-12,16,20,20,20,20,2355,0
20,-13,-14,20,-20,20,20,2357,0
20,14,-6,20,20,20,20,2358,0
20,10,12,20,20,20,20,2361,0
20,-16,-8,20,20,20,20,2363,0
-20,19,4,20,20,20,20,2364,0
20,8,-10,20,20,-20,20,2365,0
20,10,-6,20,20,20,20,2366,0
20,-6,-10,20,20,20,20,2368,0
20,0,-2,20,20,20,20,2372,0
20,-16,6,20,20,20,20,2377,0
20,20,-12,20,20,20,20,2378,0
20,12,-10,20,20,20,20,2379,0
-20,-11,10,20,20,-20,20,2380,0
-20,14,-16,20,20,20,-20,2381,0
20,-1,4,20,20,20,20,2382,0
20,8,-10,20,20,-20,20,2384,0
20,-16,-10,-20,20,20,20,2385,0
20,0,-20,20,20,20,20,2391,0
20,8,10,20,20,20,20,2393,0
20,-10,-18,20,20,-20,20,2395,0
20,3,-12,-20,20,20,20,2397,0
20,7,-20,20,20,20,20,2398,0
-20,-18,6,20,20,20,-20,2399,0
20,8,-14,20,20,20,-20,2400,0
20,-7,0,20,-20,20,20,2402,0
20,-10,-8,20,20,20,20,2404,0
20,1,-16,-20,-20,20,-20,2406,0
20,-4,-20,20,20,20,20,2407,0
20,-14,18,20,20,20,20,2408,0
20,0,-12,20,20,20,20,2409,0
-20,10,6,20,20,20,20,2410,0
20,-19,0,20,20,20,-20,2413,0
20,11,-8,20,20,20,20,2419,0
20,8,-4,20,20,20,20,2421,0
20,8,8,20,20,20,20,2423,0
20,-13,-6,20,20,-20,-20,2425,0
20,19,16,20,20,20,20,2427,0
20,5,20,20,20,20,20,2428,0
20,7,-12,20,20,-20,20,2431,0
20,4,-6,20,20,20,20,2432,0
20,18,-16,20,20,20,20,2433,0
20,18,-10,20,20,20,20,2434,0
20,-13,0,20,20,20,20,2435,0
20,-10,12,20,20,20,20,2439,0
20,1,16,20,20,20,20,2443,0
20,-15,-18,20,20,20,20,2444,0
20,-6,2,20,20,20,20,2447,0
20,19,8,20,-20,20,20,2449,0
20,3,-4,20,-20,20,20,2453,0
20,-12,-20,20,20,20,20,2454,0
20,15,0,-20,20,20,20,2455,0
20,11,18,20,20,20,20,2456,0
20,19,-4,-20,20,20,-20,2457,0
-20,7,12,20,20,20,20,2458,0
20,14,0,20,20,-20,20,2460,0
20,2,4,20,20,20,20,2461,0
-20,0,16,20,20,20,20,2462,0
20,-8,20,20,20,20,20,2463,0
20,-9,12,20,20,20,20,2467,0
-20,-6,-18,20,-20,20,20,2468,0
20,-4,6,20,20,20,20,2469,0
20,-13,-8,20,20,20,20,2471,0
20,-4,-16,20,20,20,20,2473,0
20,-3,-6,20,-20,20,20,2474,0
20,-2,20,20,20,-20,20,2478,0
20,2,16,-20,20,20,20,2482,0
20,9,-2,-20,20,20,20,2484,0
20,13,10,20,20,20,20,2485,0
20,3,-8,20,20,20,20,2486,0
-20,-7,18,20,20,20,20,2488,0
20,2,-12,20,20,20,20,2489,0
20,9,-14,20,20,20,20,2490,0
20,-14,18,20,20,20,20,2491,0
-20,4,14,20,20,20,20,2492,0
20,-13,-2,20,20,20,20,2493,0
20,3,18,-20,20,20,20,2494,0
20,-3,10,20,20,20,20,2501,0
20,4,-4,-20,20,20,20,2503,0
20,11,-10,20,20,20,20,2504,0
20,-11,6,20,20,-20,20,2508,0
20,-10,6,20,20,20,-20,2509,0
20,4,6,20,20,20,20,2510,0
20,3,-20,20,20,20,20,2511,0
20,-13,-18,20,20,20,20,2513,0
20,-12,-6,20,20,20,20,2514,0
20,17,-6,20,20,20,20,2516,0
20,19,-8,20,-20,20,20,2517,0
20,-4,16,20,-20,20,20,2518,0
20,7,-6,20,20,20,20,2519,0
-20,19,-2,20,20,20,20,2520,0
20,-1,-16,20,20,20,20,2521,0
20,13,14,20,-20,20,20,2525,0
20,-16,18,20,20,20,20,2527,0
20,-12,-6,20,-20,20,20,2528,0
20,2,-2,20,20,20,20,2532,0
20,-7,-6,-20,20,20,20,2533,0
20,8,-10,20,20,20,20,2535,0
-20,18,-6,20,20,-20,20,2536,0
20,-2,-12,20,20,20,20,2541,0
20,-9,-6,20,20,20,-20,2542,0
-20,7,-2,20,20,-20,20,2543,0
20,18,12,20,20,20,-20,2545,0
20,2,18,20,20,20,20,2548,0
-20,-10,-6,20,20,20,20,2551,0
20,15,6,20,20,20,20,2552,0
20,1,2,20,20,-20,20,2553,0
20,-15,20,20,-20,20,-20,2557,0
-20,-7,20,20,20,20,20,2562,0
20,-19,-8,20,-20,20,-20,2564,0
20,-1,18,20,20,20,20,2565,0
20,-19,-12,20,20,20,20,2566,0
20,8,18,20,20,20,-20,2568,0
20,-11,-18,20,20,20,20,2570,0
20,11,0,-20,-20,20,20,2571,0
20,0,12,20,20,20,20,2572,0
20,6,-16,20,20,20,20,2574,0
20,15,-4,-20,20,20,20,2576,0
-20,19,-4,-20,20,20,20,2579,0
20,15,8,20,20,20,20,2580,0
20,-13,18,20,20,20,20,2581,0
20,-10,16,20,20,20,20,2582,0
20,-2,2,20,20,20,20,2584,0
20,-5,-10,20,20,-20,-20,2588,0
20,20,-8,20,20,20,20,2590,0
20,1,8,20,20,20,20,2592,0
20,14,4,20,20,20,20,2593,0
20,0,20,20,-20,20,20,2594,0
20,-7,18,20,20,-20,20,2596,0
-20,-19,-16,20,20,20,20,2597,0
20,16,-12,20,20,20,20,2601,0
20,10,-10,20,20,20,20,2602,0
-20,9,8,20,-20,20,20,2603,0
20,-19,8,-20,20,20,20,2605,0
20,-7,-10,20,20,20,20,2606,0
-20,-14,14,20,20,20,20,2607,0
20,1,-12,20,20,20,20,2610,0
20,9,-8,20,20,20,20,2611,0
20,14,8,-20,20,20,20,2613,0
20,-19,-12,-20,20,20,20,2615,0
20,-13,-8,20,20,20,20,2617,0
20,0,6,20,20,-20,20,2618,0
-20,0,-18,20,20,20,20,2619,0
20,2,-8,20,20,20,20,2621,0
-20,0,6,20,20,20,20,2622,0
-20,-9,-12,20,20,20,20,2625,0
-20,4,12,20,20,20,20,2630,0
20,7,-18,-20,20,20,20,2635,0
20,9,-4,20,-20,20,20,2636,0
-20,8,-4,20,20,20,20,2637,0
20,3,0,20,20,20,20,2640,0
20,-8,14,20,20,-20,20,2641,0
20,-15,2,-20,-20,20,20,2642,0
20,-11,-10,20,20,20,20,2643,0
20,0,14,20,-20,20,20,2644,0
20,-18,-10,20,20,20,20,2645,0
-20,-17,14,20,20,-20,20,2648,0
20,16,-8,20,-20,20,20,2649,0
20,-13,16,20,20,-20,20,2651,0
20,5,20,20,20,20,20,2652,0
20,2,-8,20,20,20,20,2654,0
20,12,-10,-20,20,20,20,2658,0
20,10,-12,-20,20,20,20,2660,0
20,0,0,20,20,20,20,2661,0
20,-15,-10,20,20,20,20,2662,0
20,16,-10,20,20,-20,20,2663,0
-20,10,-2,20,-20,20,20,2664,0
20,10,0,20,-20,20,-20,2667,0
20,17,-18,20,20,20,20,2668,0
20,-11,0,20,20,20,20,2669,0
20,3,-20,20,20,20,20,2671,0
20,-17,-2,20,20,20,20,2673,0
20,-2,12,-20,20,-20,20,2675,0
20,15,-6,20,20,-20,20,2677,0
20,-3,-20,20,20,20,20,2679,0
20,1,-16,20,20,20,20,2680,0
20,14,14,20,20,20,20,2682,0
20,9,4,20,20,20,20,2688,0
20,-3,-6,20,20,20,20,2691,0
20,6,-14,20,20,20,20,2694,0
20,-2,0,20,20,20,20,2696,0
-20,-2,-16,20,20,20,20,2698,0
20,4,2,20,20,20,20,2699,0
20,0,20,20,20,20,20,2701,0
20,5,-20,20,20,20,20,2703,0
-20,-12,0,20,20,20,20,2704,0
20,-3,2,20,20,20,20,2706,0
20,6,12,20,20,20,20,2709,0
20,13,-20,20,20,20,20,2716,0
20,-8,16,20,20,20,20,2720,0
20,10,18,20,20,20,20,2721,0
20,18,10,20,20,20,20,2722,0
20,12,2,20,20,20,20,2724,0
20,0,-4,20,20,-20,-20,2731,0
20,-16,-6,20,20,20,20,2736,0
20,-3,-4,20,20,20,20,2737,0
20,-5,8,20,20,20,20,2739,0
20,19,18,20,20,20,20,2741,0
20,1,14,20,-20,20,-20,2742,0
20,-11,8,20,-20,20,-20,2743,0
20,11,8,-20,20,-20,20,2745,0
20,-18,20,20,20,20,20,2746,0
20,18,-2,20,20,20,20,2750,0
20,8,18,20,-20,20,20,2752,0
20,-11,16,20,20,20,20,2753,0
20,15,4,-20,20,20,20,2754,0
20,-10,-8,20,20,20,20,2755,0
20,10,-8,-20,20,20,20,2756,0
20,17,-8,20,20,20,20,2757,0
20,-2,-6,20,20,20,20,2758,0
20,11,20,20,20,20,-20,2759,0
20,12,2,20,20,20,20,2760,0
20,12,16,20,20,20,20,2761,0
20,1,-8,20,20,20,20,2765,0
20,-14,-8,-20,20,20,20,2766,0
20,9,-2,20,20,20,20,2767,0
20,17,12,20,20,20,20,2768,0
20,8,8,20,20,20,-20,2769,0
20,-7,-6,20,20,20,20,2771,0
-20,8,-8,20,20,20,20,2772,0
20,3,4,20,20,20,20,2774,0
20,18,6,20,-20,20,20,2776,0
-20,-9,-12,20,20,20,20,2777,0
20,19,16,20,20,20,-20,2778,0
20,-2,4,20,20,20,20,2779,0
20,-18,-20,20,20,-20,20,2781,0
20,-4,-10,20,20,20,20,2782,0
20,-1,12,20,20,20,20,2785,0
20,-5,-18,20,20,20,20,2786,0
-20,19,18,20,20,20,20,2790,0
20,9,-18,20,20,-20,20,2791,0
20,-2,-4,20,-20,20,20,2792,0
-20,13,-10,20,20,-20,20,2797,0
20,6,6,20,20,20,20,2798,0
20,19,-14,20,20,-20,-20,2802,0
-20,-6,6,20,20,20,20,2807,0
20,5,18,20,20,20,20,2809,0
20,5,-20,20,20,20,20,2815,0
-20,5,18,20,20,20,-20,2819,0
20,-12,14,20,20,20,20,2822,0
20,-4,-2,20,20,20,20,2823,0
20,1,18,20,20,20,20,2824,0
-20,9,-12,20,-20,-20,20,2825,0
20,15,-12,20,20,20,-20,2827,0
20,-7,-4,20,20,20,20,2830,0
20,14,-14,20,20,20,20,2831,0
20,14,-16,20,20,20,20,2833,0
20,14,20,20,20,20,20,2834,0
20,19,-8,20,20,20,20,2835,0
20,-16,-10,20,20,20,20,2837,0
20,-9,18,20,20,-20,20,2839,0
-20,16,-6,20,20,-20,20,2841,0
-20,-16,8,20,20,20,20,2842,0
20,-16,-20,-20,20,20,20,2843,0
20,19,-14,20,20,20,20,2844,0
20,7,6,20,20,-20,-20,2848,0
20,7,-10,20,20,20,-20,2851,0
-20,8,14,20,20,20,20,2853,0
20,8,10,20,20,20,20,2854,0
20,14,20,20,20,20,20,2855,0
20,1,-20,20,20,20,20,2857,0
20,15,18,20,20,20,-20,2858,0
20,9,2,20,20,20,20,2859,0
20,-5,16,20,20,20,-20,2860,0
20,7,0,20,20,20,20,2862,0
20,-2,16,20,20,-20,20,2863,0
-20,12,-16,20,20,20,20,2866,0
20,8,-8,20,20,20,20,2869,0
20,-14,-20,20,20,20,20,2872,0
20,1,-16,-20,20,20,20,2875,0
-20,0,18,20,20,-20,-20,2877,0
20,6,2,-20,-20,-20,20,2879,0
20,20,12,20,20,20,-20,2882,0
20,-19,-12,20,20,20,20,2883,0
20,-4,10,20,20,20,20,2886,0
20,20,2,20,20,20,20,2887,0
20,-3,20,-20,20,20,20,2892,0
20,-6,-4,20,20,20,20,2894,0
-20,20,10,20,20,20,20,2895,0
20,-12,16,20,20,20,-20,2896,0
20,3,-10,20,20,20,20,2901,0
20,-19,-20,20,20,20,20,2904,0
20,2,-12,20,20,20,-20,2906,0
20,-18,-2,-20,20,20,20,2913,0
20,-15,-16,20,-20,20,20,2915,0
20,7,-18,20,20,20,20,2917,0
20,20,2,20,20,20,20,2919,0
20,-16,14,20,20,20,-20,2920,0
20,5,2,20,20,20,-20,2921,0
20,-9,-6,-20,20,20,20,2922,0
20,-17,2,20,20,20,20,2924,0
20,6,18,20,-20,20,20,2926,0
20,11,20,20,20,20,20,2927,0
20,-4,6,20,20,20,-20,2930,0
20,-1,10,20,20,20,-20,2931,0
20,6,-10,20,20,-20,20,2932,0
20,-5,16,20,20,20,20,2933,0
20,5,16,20,20,-20,20,2935,0
20,16,6,-20,20,20,20,2936,0
20,-2,-16,20,20,20,20,2937,0
20,13,8,20,20,20,20,2938,0
20,9,-20,20,20,20,20,2943,0
20,11,16,20,20,20,20,2945,0
20,13,20,-20,20,20,20,2947,0
20,16,-12,20,-20,20,-20,2948,0
20,11,18,20,20,20,20,2949,0
-20,14,-14,20,20,20,20,2950,0
20,-7,-4,20,20,20,20,2951,0
20,4,12,20,20,20,20,2952,0
20,-18,2,20,20,20,20,2956,0
20,7,12,20,20,-20,20,2957,0
20,9,-12,20,20,20,20,2963,0
-20,-3,-12,20,20,-20,20,2965,0
20,16,-10,20,20,20,20,2968,0
20,17,-10,20,20,20,-20,2971,0
20,-6,0,20,20,20,20,2975,0
20,12,-16,-20,20,20,20,2976,0
20,-8,-18,20,20,20,20,2977,0
20,-15,18,20,20,20,20,2978,0
20,-12,-16,20,20,20,20,2979,0
20,17,12,20,20,20,20,2981,0
20,-14,-20,20,20,20,20,2983,0
20,2,2,20,20,20,20,2984,0
20,-14,2,20,-20,20,20,2986,0
20,10,-2,20,20,20,20,2995,0
-20,4,-6,20,20,20,20,2997,0
-20,10,0,20,-20,20,20,2998,0
20,2,20,20,20,-20,20,3000,0
20,-18,-20,20,-20,20,20,3004,0
-20,-8,0,20,-20,20,20,3005,0
20,0,2,20,20,20,20,3008,0
20,10,-4,20,20,20,20,3009,0
20,1,8,-20,20,20,20,3010,0
20,8,12,20,20,20,20,3012,0
20,1,2,-20,20,20,20,3013,0
20,14,-10,20,20,20,20,3017,0
-20,17,12,20,20,20,-20,3022,0
20,8,6,20,20,20,20,3024,0
-20,20,-16,20,20,-20,20,3025,0
20,14,12,20,20,20,20,3026,0
20,14,16,20,20,20,20,3027,0
20,0,-20,20,20,20,-20,3029,0
20,14,14,20,20,20,20,3031,0
20,16,6,-20,20,20,20,3032,0
20,0,10,20,20,20,20,3036,0
-20,-7,-12,20,20,-20,20,3037,0
20,14,-20,20,20,20,20,3038,0
20,14,-8,20,20,20,20,3040,0
20,8,-12,20,-20,20,20,3042,0
20,4,-4,20,20,20,20,3043,0
20,4,-6,20,20,20,-20,3048,0
20,-1,6,20,20,20,20,3052,0
20,5,-10,20,20,20,20,3053,0
20,-6,-12,20,20,20,20,3054,0
20,2,-2,20,20,20,20,3055,0
20,14,12,-20,-20,-20,20,3056,0
20,2,-8,20,20,20,20,3057,0
20,-13,20,20,-20,-20,20,3058,0
20,16,0,20,20,20,20,3059,0
20,-19,12,20,20,20,20,3061,0
20,-19,2,20,20,20,20,3062,0
20,1,-12,20,-20,20,20,3063,0
20,-8,-4,-20,20,20,20,3064,0
20,7,-12,20,20,20,20,3070,0
20,-9,-14,20,20,20,20,3071,0
-20,-8,0,20,-20,20,20,3074,0
20,5,12,20,20,20,20,3078,0
20,-5,16,20,20,20,20,3079,0
-20,-11,8,20,20,20,-20,3081,0
20,-2,-10,-20,20,20,20,3082,0
-20,15,14,-20,20,20,20,3085,0
20,17,6,20,20,20,-20,3086,0
20,1,-4,20,20,20,20,3088,0
20,9,10,20,20,20,-20,3089,0
-20,-17,20,-20,-20,20,20,3090,0
-20,4,14,20,20,20,20,3093,0
20,19,-18,20,20,20,20,3094,0
20,-11,0,20,20,20,20,3095,0
20,19,20,20,20,20,20,3096,0
20,-5,12,20,20,20,20,3099,0
20,15,6,20,-20,20,20,3102,0
20,-1,14,20,20,-20,-20,3103,0
20,-13,-12,20,20,-20,20,3105,0
20,9,4,20,20,20,20,3106,0
20,-19,-10,20,20,20,20,3110,0
20,0,-12,20,20,-20,20,3112,0
20,-13,-10,20,20,20,20,3113,0
20,12,14,20,20,-20,-20,3116,0
20,14,-4,20,-20,20,20,3119,0
20,19,16,20,20,20,20,3123,0
20,-9,-2,20,-20,20,20,3124,0
20,5,6,20,20,20,20,3125,0
20,-6,-2,20,-20,20,20,3127,0
20,-8,-2,20,20,-20,20,3128,0
20,-5,-4,20,20,20,20,3129,0
20,4,20,20,20,20,20,3132,0
20,-3,-14,20,20,-20,20,3137,0
20,-7,10,20,20,-20,20,3140,0
20,17,-8,-20,-20,20,20,3141,0
20,9,-10,20,20,20,20,3143,0
20,7,12,20,20,20,20,3144,0
20,-4,6,20,20,20,20,3148,0
20,-19,4,-20,-20,20,20,3152,0
20,-18,-2,-20,-20,20,20,3156,0
20,-10,2,20,20,20,20,3158,0
20,-10,10,20,20,20,20,3159,0
20,-1,-16,20,20,20,20,3160,0
20,1,2,20,20,20,20,3162,0
20,12,-4,20,20,20,20,3163,0
20,0,14,20,20,20,20,3165,0
20,8,-4,20,20,20,20,3168,0
20,-17,-10,20,20,20,-20,3169,0
20,13,18,20,20,20,20,3170,0
-20,-2,12,20,20,20,20,3172,0
20,-8,-14,20,20,20,20,3174,0
20,-9,6,-20,20,20,20,3176,0
20,8,-14,20,20,20,20,3177,0
-20,-3,-14,20,20,20,20,3178,0
20,-9,8,20,20,20,20,3180,0
20,19,-6,20,20,20,20,3182,0
20,4,-14,20,20,-20,20,3187,0
20,-15,-6,20,-20,20,20,3188,0
20,-16,2,20,20,20,20,3190,0
20,19,10,-20,20,-20,20,3194,0
20,0,10,20,20,20,20,3196,0
20,7,20,20,-20,20,20,3197,0
20,-4,-20,20,20,20,-20,3198,0
20,14,-6,20,20,20,-20,3199,0
-20,-16,18,20,20,20,-20,3206,0
20,15,-14,20,20,20,20,3211,0
20,-11,2,20,20,20,20,3212,0
20,20,-18,-20,20,20,20,3213,0
20,-8,-12,20,20,20,20,3214,0
-20,-12,10,20,-20,20,-20,3215,0
20,-14,14,20,20,-20,20,3220,0
20,0,-8,-20,20,20,-20,3221,0
20,-2,-12,-20,20,20,20,3222,0
20,0,6,20,20,20,20,3224,0
-20,0,12,20,-20,-20,20,3226,0
-20,12,16,20,20,20,20,3227,0
20,14,-16,20,20,20,20,3229,0
20,-12,-10,20,20,20,20,3234,0
20,14,-10,20,20,20,20,3235,0
20,-13,10,20,20,20,20,3239,0
20,0,-4,20,20,20,20,3240,0
20,13,-4,20,20,20,20,3241,0
20,-5,12,20,-20,20,20,3245,0
20,-14,-20,20,-20,-20,20,3246,0
20,-3,-10,20,20,20,20,3247,0
20,14,-6,20,20,-20,20,3250,0
20,5,0,20,20,-20,20,3251,0
20,0,2,20,-20,-20,20,3252,0
20,7,-12,20,20,20,-20,3253,0
20,-10,4,20,20,20,-20,3254,0
20,-17,4,20,20,20,20,3255,0
20,9,18,20,20,20,20,3262,0
20,3,16,20,20,-20,20,3264,0
20,-18,8,20,20,-20,-20,3267,0
20,-3,-4,20,20,20,20,3268,0
20,18,18,20,20,20,20,3269,0
20,-18,-18,20,20,20,20,3270,0
20,-3,-14,20,20,20,20,3271,0
20,2,0,20,20,20,20,3273,0
20,-8,14,-20,20,20,20,3276,0
20,-14,4,20,20,20,20,3279,0
20,18,14,-20,20,20,20,3280,0
-20,4,4,20,20,-20,20,3282,0
20,3,-20,20,20,20,20,3284,0
-20,-9,-12,20,20,20,20,3286,0
20,-12,10,20,20,20,20,3289,0
20,1,-4,-20,20,20,20,3291,0
20,19,10,20,20,20,20,3298,0
20,1,4,20,20,20,20,3300,0
20,17,8,20,20,-20,20,3305,0
20,19,18,-20,20,20,20,3306,0
-20,7,8,20,20,20,20,3307,0
20,-15,14,20,20,20,20,3309,0
20,6,14,20,20,20,20,3310,0
20,0,-2,20,20,20,-20,3311,0
20,-13,-8,20,20,20,20,3312,0
20,6,-6,20,-20,20,20,3315,0
20,-4,12,20,20,-20,20,3316,0
20,0,-18,20,20,-20,20,3318,0
20,3,14,20,20,20,20,3320,0
20,-5,-12,20,20,20,20,3321,0
20,9,-18,20,20,-20,20,3322,0
20,-11,-2,20,20,20,20,3324,0
20,17,12,20,20,20,20,3332,0
20,17,0,20,20,20,20,3337,0
20,11,-14,20,-20,20,20,3338,0
20,1,12,20,20,20,20,3339,0
20,-13,-10,20,-20,20,20,3340,0
20,-14,0,20,20,20,20,3344,0
-20,9,-6,20,20,20,20,3345,0
20,0,0,20,20,20,20,3349,0
20,-18,-10,20,20,20,20,3350,0
20,5,-10,20,20,20,20,3351,0
20,-4,10,20,20,-20,-20,3352,0
20,10,-8,20,20,20,20,3355,0
20,2,20,20,20,20,20,3357,0
20,9,-8,20,20,20,20,3359,0
20,-5,-16,20,20,20,20,3360,0
20,3,-6,20,20,-20,-20,3363,0
20,-7,-16,20,-20,20,-20,3370,0
20,-18,2,20,20,20,-20,3372,0
20,-15,-12,20,20,20,20,3373,0
20,13,-2,20,20,-20,20,3374,0
20,20,16,20,20,-20,20,3376,0
20,-8,-10,20,20,20,20,3383,0
20,6,-6,20,20,-20,20,3384,0
20,-7,14,20,20,20,20,3386,0
20,3,8,20,20,20,20,3388,0
20,0,0,20,20,20,20,3392,0
20,-15,2,20,20,20,20,3394,0
20,2,-4,20,-20,-20,-20,3396,0
-20,14,14,20,-20,20,20,3397,0
20,-2,-4,20,20,20,20,3398,0
20,-8,12,20,20,-20,20,3401,0
-20,10,10,20,20,20,20,3402,0
20,4,20,20,20,20,20,3403,0
20,-5,-4,20,-20,20,20,3404,0
20,18,-2,20,20,20,20,3405,0
-20,-5,16,20,20,20,20,3406,0
20,10,10,20,20,-20,20,3408,0
20,2,-4,20,-20,20,20,3410,0
20,16,-20,-20,20,20,-20,3414,0
20,7,-6,20,20,20,20,3417,0
20,3,16,20,20,20,-20,3418,0
20,17,-18,20,20,20,20,3419,0
20,-16,4,20,-20,20,20,3422,0
-20,11,16,-20,20,20,20,3423,0
20,18,-14,20,20,20,20,3426,0
-20,15,-16,20,20,20,20,3428,0
20,9,10,20,-20,20,20,3430,0
20,-14,-6,20,20,-20,20,3431,0
20,-4,10,20,20,20,20,3434,0
20,-6,14,20,20,20,20,3437,0
-20,14,8,20,20,20,20,3438,0
20,-14,-6,20,20,20,20,3440,0
20,8,2,20,20,-20,20,3441,0
20,-16,-4,20,20,20,20,3443,0
-20,0,-20,-20,20,-20,20,3444,0
20,-6,-10,20,20,20,20,3450,0
20,-3,18,-20,20,-20,20,3452,0
-20,-7,16,-20,20,20,20,3454,0
20,13,-18,20,20,20,20,3455,0
20,-18,8,20,-20,20,20,3459,0
20,6,10,20,20,20,20,3460,0
20,4,-4,-20,20,20,20,3462,0
20,12,12,20,20,20,20,3463,0
20,-6,2,20,20,20,20,3465,0
20,-17,14,20,20,-20,20,3466,0
20,-2,-10,20,20,-20,20,3470,0
20,5,8,20,20,20,20,3471,0
20,-10,10,20,-20,20,20,3473,0
20,-14,18,20,20,20,-20,3477,0
20,9,-14,20,20,20,20,3480,0
-20,6,-8,20,20,20,20,3481,0
20,5,14,20,-20,20,20,3484,0
-20,-6,-8,20,20,20,20,3487,0
20,-16,-6,20,20,20,20,3488,0
20,5,4,20,-20,20,20,3489,0
20,-8,12,20,20,20,20,3490,0
20,15,12,20,20,-20,20,3493,0
20,-7,-20,20,20,20,20,3495,0
20,-1,-6,20,-20,-20,20,3500,0
20,-1,-10,20,-20,20,20,3501,0
20,-3,4,-20,20,20,20,3504,0
-20,6,10,20,-20,-20,20,3505,0
20,-18,10,20,20,20,20,3506,0
20,8,6,20,20,20,20,3509,0
20,17,-10,-20,20,-20,-20,3510,0
20,-9,-20,20,20,20,20,3516,0
20,-2,-20,20,20,-20,-20,3518,0
20,-5,-14,20,20,20,20,3519,0
20,-17,0,20,20,20,-20,3521,0
-20,8,-6,20,20,20,-20,3525,0
20,-15,12,20,20,20,20,3527,0
20,-7,8,20,20,20,20,3529,0
20,14,6,20,20,20,-20,3531,0
20,5,0,20,20,-20,20,3536,0
20,2,4,-20,20,20,-20,3537,0
20,-13,-8,20,20,20,20,3539,0
20,3,-12,20,20,20,20,3542,0
20,-15,20,20,-20,20,20,3543,0
20,-17,2,20,-20,-20,20,3545,0
20,19,-2,20,20,20,20,3546,0
20,-19,0,20,20,20,20,3547,0
20,-15,16,-20,20,20,20,3548,0
20,-8,14,-20,20,20,20,3557,0
20,10,-14,-20,20,20,20,3558,0
-20,-11,0,20,20,20,20,3559,0
20,5,-20,20,20,20,20,3560,0
-20,-7,-6,20,20,20,20,3566,0
20,11,10,20,-20,20,20,3567,0
20,-19,-8,20,20,20,20,3568,0
20,-18,10,20,20,20,20,3571,0
20,-18,-20,20,20,20,20,3572,0
20,0,0,-20,20,-20,20,3573,0
20,6,8,20,20,20,20,3574,0
20,-14,2,20,20,-20,20,3577,0
20,-1,12,20,20,20,20,3580,0
20,-8,-16,20,20,20,20,3581,0
20,8,-16,-20,20,20,20,3582,0
20,-3,0,20,-20,20,20,3583,0
20,11,4,-20,20,20,20,3584,0
20,2,-14,20,20,20,20,3585,0
20,16,10,20,20,20,-20,3586,0
20,-1,-18,20,20,20,20,3595,0
20,19,0,20,20,-20,20,3596,0
20,-19,-4,20,20,20,20,3598,0
-20,-1,16,20,20,-20,20,3600,0
20,-7,8,20,20,20,20,3602,0
20,3,20,20,20,20,20,3604,0
20,-13,-6,20,20,-20,20,3605,0
20,-6,12,20,20,20,20,3607,0
20,-17,2,20,20,20,20,3608,0
20,11,-8,20,20,-20,20,3609,0
20,10,4,20,20,20,20,3610,0
20,-19,-18,20,20,20,-20,3611,0
-20,9,12,20,20,20,20,3612,0
20,-7,-4,20,20,20,20,3613,0
20,-13,18,20,20,-20,20,3614,0
20,-14,8,20,20,20,20,3618,0
20,14,2,20,20,-20,20,3621,0
-20,15,16,20,20,20,20,3622,0
20,11,14,20,20,20,-20,3623,0
-20,-15,20,20,-20,20,20,3627,0
20,20,6,20,20,20,20,3629,0
20,-17,-16,20,20,20,20,3630,0
20,-9,8,-20,20,20,20,3633,0
20,-1,4,20,20,20,20,3634,0
20,1,6,20,-20,20,20,3635,0
20,-1,-16,-20,20,20,20,3638,0
20,-1,0,20,20,20,20,3639,0
20,8,18,20,20,20,-20,3640,0
-20,-14,-2,20,20,20,20,3641,0
20,18,8,-20,20,20,-20,3642,0
-20,0,20,-20,20,-20,20,3645,0
20,-6,-18,20,20,20,20,3647,0
20,-14,-16,20,20,-20,20,3654,0
20,7,-16,20,20,20,20,3655,0
20,-13,18,20,20,-20,20,3658,0
20,13,8,20,20,20,-20,3661,0
20,-4,8,20,20,20,20,3663,0
20,-5,-10,20,20,20,20,3668,0
-20,9,10,20,20,20,20,3670,0
20,-7,4,20,20,20,20,3674,0
20,-18,16,-20,20,20,-20,3676,0
20,-5,20,20,20,20,20,3677,0
20,10,12,20,20,20,20,3678,0
-20,8,-10,20,20,20,20,3681,0
20,18,6,20,20,20,20,3682,0
-20,-2,20,20,20,20,20,3683,0
20,-6,-8,20,20,-20,20,3684,0
20,17,-18,20,20,20,20,3686,0
20,-5,16,20,20,20,20,3688,0
20,-12,6,20,20,20,20,3689,0
20,-12,12,20,20,20,20,3699,0
-20,-16,4,20,20,20,20,3700,0
20,-8,-6,20,20,20,20,3701,0
20,12,18,20,20,20,20,3703,0
-20,-19,4,20,20,20,20,3709,0
20,2,18,20,-20,-20,20,3711,0
20,-18,-20,20,20,20,20,3718,0
20,-10,-4,20,20,20,20,3720,0
20,6,-8,20,20,20,20,3721,0
20,-5,-10,-20,20,20,20,3723,0
-20,1,-6,20,20,20,20,3724,0
20,-14,-20,20,20,20,-20,3728,0
20,8,20,20,20,20,20,3732,0
20,16,-10,20,20,20,20,3734,0
20,17,-16,20,20,20,20,3735,0
20,17,4,20,20,20,20,3737,0
20,11,14,20,20,20,20,3740,0
20,-3,8,20,20,-20,20,3742,0
20,-1,-6,20,20,20,20,3745,0
-20,-16,-20,20,20,20,-20,3746,0
-20,-6,6,-20,-20,20,20,3747,0
20,-10,-16,20,20,20,20,3748,0
20,2,-8,20,20,20,-20,3749,0
20,-3,-12,-20,20,20,20,3750,0
20,-11,-16,20,20,20,20,3752,0
20,2,16,20,20,20,20,3756,0
20,16,-4,20,20,20,20,3758,0
20,-10,-10,20,-20,20,20,3759,0
20,19,8,20,20,20,20,3761,0
-20,-1,6,20,20,20,20,3763,0
20,11,2,-20,20,20,20,3768,0
20,-18,10,20,20,20,20,3770,0
20,-15,0,20,20,20,20,3771,0
-20,10,-12,20,20,-20,20,3779,0
20,-1,-6,-20,20,20,-20,3780,0
20,0,6,20,20,20,20,3781,0
-20,-8,14,20,20,-20,20,3783,0
20,0,18,-20,20,20,20,3788,0
20,-1,-16,20,20,20,20,3789,0
-20,-9,14,20,-20,20,20,3794,0
20,-5,14,-20,20,20,20,3795,0
20,-15,-6,20,20,-20,20,3796,0
20,-11,20,20,20,20,20,3797,0
20,-10,18,-20,20,-20,20,3798,0
20,0,-20,20,20,-20,20,3799,0
-20,13,-4,20,-20,20,20,3803,0
20,14,-6,20,20,-20,20,3804,0
20,-19,18,20,20,20,20,3806,0
-20,-14,6,20,20,20,20,3808,0
20,-9,2,20,20,20,-20,3809,0
20,-1,-6,20,20,20,20,3811,0
-20,-17,-4,20,-20,20,-20,3815,0
20,6,-12,20,20,20,20,3816,0
-20,18,6,20,20,20,20,3819,0
20,-12,14,20,20,20,20,3822,0
20,-5,-14,20,20,20,-20,3823,0
-20,18,12,20,20,20,20,3824,0
20,17,-4,20,20,20,20,3825,0
20,-6,20,20,-20,20,20,3826,0
20,7,-12,20,20,20,-20,3830,0
20,0,-14,-20,20,20,20,3831,0
20,-11,-18,20,20,20,20,3834,0
20,-4,-12,-20,-20,20,20,3836,0
20,6,-10,20,20,20,20,3837,0
20,18,16,20,20,20,20,3839,0
20,17,16,20,20,20,20,3840,0
-20,-19,16,20,20,20,20,3842,0
20,16,2,20,-20,20,20,3845,0
20,-10,0,-20,20,20,20,3847,0
20,-3,4,-20,20,20,20,3848,0
20,19,12,-20,20,20,20,3853,0
-20,-18,-8,20,-20,20,20,3855,0
20,-4,16,20,20,20,-20,3856,0
20,10,8,20,20,20,20,3858,0
-20,-7,-16,20,20,20,-20,3860,0
20,-18,20,20,20,20,20,3861,0
20,18,-14,20,20,20,20,3863,0
20,14,-12,-20,20,-20,20,3865,0
20,-2,4,20,20,20,20,3867,0
20,-10,-10,20,20,20,20,3868,0
-20,-7,-14,20,20,20,20,3871,0
20,5,10,20,20,20,20,3872,0
20,14,-6,20,20,20,20,3875,0
20,3,18,20,20,20,-20,3878,0
20,-8,-10,20,-20,20,20,3879,0
20,-4,-8,20,20,20,20,3880,0
20,6,12,20,20,20,-20,3883,0
20,-18,8,20,20,20,20,3884,0
20,5,10,20,20,20,20,3889,0
20,10,-20,-20,20,20,-20,3890,0
20,-15,-20,20,20,20,20,3892,0
20,-13,10,20,-20,20,20,3893,0
-20,20,6,20,20,20,20,3895,0
20,-19,-8,20,20,20,20,3896,0
20,12,-4,-20,20,20,20,3897,0
20,-2,-14,-20,20,20,-20,3899,0
-20,16,20,-20,20,20,20,3900,0
20,2,-8,20,20,-20,20,3902,0
20,14,2,20,20,20,20,3903,0
20,-14,-2,-20,-20,20,20,3904,0
20,0,6,20,20,20,20,3907,0
20,20,-8,20,20,20,20,3910,0
-20,0,10,20,20,20,20,3912,0
20,8,0,20,20,20,20,3913,0
20,6,6,20,20,-20,20,3914,0
20,17,16,20,20,20,20,3917,0
20,8,-10,20,20,20,20,3918,0
20,0,14,20,20,20,-20,3919,0
-20,8,-14,20,20,20,20,3920,0
20,1,-10,20,20,20,-20,3922,0
-20,-1,16,20,20,-20,20,3924,0
20,16,-4,-20,20,20,20,3926,0
20,5,16,20,20,20,-20,3927,0
20,-6,-6,20,20,20,20,3929,0
20,16,6,20,20,20,20,3932,0
20,1,-8,20,20,20,20,3933,0
20,-7,-12,20,20,20,20,3934,0
20,-7,-12,20,20,20,20,3936,0
-20,0,12,20,-20,20,20,3937,0
-20,-18,-16,20,20,20,20,3938,0
20,18,-20,20,20,20,20,3939,0
20,10,-8,-20,20,-20,20,3940,0
20,10,18,20,20,20,20,3941,0
-20,-10,10,20,-20,20,20,3942,0
20,-8,-2,-20,20,20,20,3943,0
20,18,2,20,20,20,20,3947,0
20,-8,0,20,20,20,20,3948,0
-20,7,0,20,20,20,20,3949,0
20,11,-2,20,20,20,20,3953,0
20,20,-10,20,20,20,20,3954,0
20,-13,-16,20,20,20,20,3955,0
20,17,-2,20,-20,20,20,3956,0
-20,-17,-6,20,20,20,20,3957,0
20,-14,-4,20,20,20,20,3958,0
20,6,4,20,-20,20,-20,3959,0
20,-18,-6,20,20,20,20,3961,0
-20,16,-8,20,20,-20,20,3965,0
20,3,10,20,20,20,20,3966,0
20,-8,2,20,-20,20,20,3969,0
20,-4,18,20,20,20,20,3970,0
20,-10,-20,20,20,20,20,3971,0
20,2,14,20,-20,20,20,3972,0
20,20,8,20,20,-20,20,3973,0
20,6,2,20,20,20,20,3975,0
20,15,4,20,20,20,20,3976,0
20,7,-20,20,20,20,20,3979,0
20,2,-8,-20,20,20,20,3980,0
20,14,14,20,20,20,20,3985,0
20,-17,8,20,-20,20,20,3987,0
20,-9,16,20,20,20,-20,3991,0
20,16,0,20,-20,20,20,3992,0
20,-4,-4,20,20,20,20,3998,0
20,19,0,20,20,20,-20,4000,0
20,4,-2,20,20,-20,20,4001,0
20,1,2,20,-20,20,20,4002,0
20,-10,-6,20,20,20,20,4004,0
20,-8,12,20,20,20,20,4006,0
20,-14,4,20,20,20,-20,4008,0
20,-4,-20,20,20,20,20,4010,0
-20,-12,-6,20,20,-20,20,4013,0
20,5,10,20,20,20,20,4014,0
20,-1,-16,20,20,20,20,4015,0
20,10,-12,-20,20,20,20,4017,0
20,7,18,20,20,20,-20,4018,0
20,5,4,20,20,20,20,4020,0
20,0,10,20,20,20,20,4021,0
20,-7,0,20,20,-20,-20,4022,0
-20,17,0,-20,20,20,20,4024,0
20,19,20,-20,-20,20,20,4026,0
20,-2,-18,20,20,20,20,4027,0
20,11,-20,20,20,20,20,4029,0
20,4,-12,-20,20,20,20,4030,0
-20,2,-16,20,20,20,20,4031,0
20,-19,10,20,-20,20,20,4033,0
20,12,-10,20,20,20,20,4035,0
20,16,2,20,20,20,20,4037,0
20,-13,0,20,20,-20,20,4038,0
20,-7,-10,20,-20,20,20,4039,0
20,8,6,20,20,20,20,4043,0
20,11,-8,20,20,20,-20,4045,0
20,10,20,20,20,20,20,4047,0
-20,7,10,20,20,20,20,4048,0
-20,8,-4,20,20,20,20,4049,0
20,6,14,20,20,20,20,4051,0
20,-16,-12,20,20,20,20,4054,0
20,12,-2,20,-20,20,-20,4055,0
20,17,-10,20,20,20,20,4056,0
20,-5,6,20,20,20,-20,4058,0
20,5,6,-20,20,20,-20,4059,0
20,2,4,20,20,20,20,4060,0
20,6,6,20,20,20,20,4061,0
20,4,-18,-20,20,20,20,4063,0
20,12,-16,-20,-20,20,20,4064,0
20,8,-10,20,-20,20,20,4065,0
20,12,-20,20,-20,20,20,4066,0
20,-13,10,20,20,20,20,4068,0
20,-4,-6,20,20,20,20,4069,0
20,-3,-14,20,20,20,20,4070,0
20,-16,0,20,20,-20,20,4074,0
20,2,-16,-20,20,20,20,4076,0
20,8,4,20,20,-20,20,4082,0
20,-15,-16,20,20,20,20,4083,0
20,0,-6,20,20,-20,20,4085,0
20,-8,-6,20,20,20,20,4086,0
20,0,20,-20,20,20,20,4087,0
20,-15,-8,20,20,20,20,4090,0
20,-6,-12,-20,20,20,-20,4093,0
20,9,-8,20,20,20,20,4095,0
20,-1,14,20,20,-20,20,4099,0
20,-2,10,20,20,20,20,4100,0
20,-1,-16,20,20,20,-20,4103,0
20,11,12,20,20,20,20,4107,0
20,15,-6,20,20,20,20,4108,0
-20,-8,-10,-20,20,20,20,4110,0
20,17,-20,20,-20,20,20,4115,0
20,-18,12,20,20,20,20,4116,0
20,20,20,20,20,20,20,4119,0
20,10,-16,20,20,20,20,4125,0
20,-17,-14,20,20,20,20,4129,0
20,-11,10,20,20,20,20,4131,0
20,13,-10,20,20,20,20,4132,0
20,9,4,20,20,20,-20,4133,0
20,11,14,20,20,20,20,4134,0
20,-18,-6,20,20,20,20,4137,0
20,-12,-14,-20,20,20,20,4140,0
20,13,14,20,20,20,20,4142,0
20,17,-16,20,20,20,20,4144,0
20,-8,14,20,20,20,20,4146,0
20,8,-14,20,20,20,20,4149,0
20,-7,14,-20,20,-20,20,4151,0
20,3,2,20,-20,20,20,4153,0
20,-19,-8,20,20,20,20,4155,0
20,-11,8,20,20,20,20,4159,0
20,14,16,20,20,20,20,4162,0
20,-10,-16,20,20,20,20,4163,0
20,13,-10,-20,20,20,20,4164,0
20,11,10,20,20,-20,20,4166,0
-20,-11,18,-20,20,20,20,4167,0
20,-2,-20,20,20,20,20,4168,0
20,-17,8,20,20,20,20,4169,0
20,12,6,20,20,20,20,4172,0
20,15,6,20,20,20,-20,4173,0
-20,15,4,20,20,20,20,4174,0
20,-11,18,20,20,20,20,4177,0
20,10,2,20,20,-20,20,4178,0
20,-15,-10,20,20,20,20,4179,0
20,-3,-10,20,20,20,20,4180,0
20,-18,12,20,20,-20,-20,4183,0
20,-15,6,20,20,-20,20,4186,0
20,-14,20,20,-20,-20,-20,4188,0
20,-9,-6,20,20,20,20,4191,0
20,-6,20,20,20,-20,20,4192,0
20,-17,20,20,20,20,-20,4194,0
20,13,16,-20,20,20,20,4195,0
20,-5,18,20,20,20,20,4198,0
20,-13,-16,-20,20,20,20,4201,0
20,-14,2,20,20,20,-20,4204,0
20,18,-6,20,20,-20,-20,4205,0
20,-15,12,20,20,20,20,4207,0
20,-14,-20,20,20,20,20,4208,0
20,20,-16,-20,20,20,20,4210,0
20,10,14,20,20,-20,20,4212,0
20,11,8,20,20,-20,20,4214,0
20,-12,16,20,20,20,20,4215,0
20,-18,-14,20,20,-20,20,4217,0
20,2,-6,20,20,20,20,4224,0
20,18,6,20,20,20,20,4230,0
20,-7,0,20,20,20,20,4235,0
20,14,0,20,20,20,20,4236,0
20,6,14,-20,-20,20,20,4242,0
20,0,10,20,20,20,20,4245,0
20,0,-4,20,-20,20,20,4248,0
20,-14,-2,20,20,20,20,4251,0
20,4,4,20,20,20,20,4252,0
20,-14,4,-20,20,20,20,4255,0
20,8,-18,-20,20,20,20,4257,0
20,9,-4,20,20,20,20,4258,0
20,-9,6,20,20,20,-20,4261,0
-20,20,-2,20,20,20,20,4264,0
-20,15,16,20,20,20,20,4265,0
20,1,10,20,20,20,20,4266,0
20,-6,20,20,20,20,20,4271,0
20,-2,-12,20,20,20,20,4272,0
-20,19,0,20,20,20,20,4274,0
-20,9,-8,20,20,20,20,4277,0
20,8,-10,20,20,20,20,4278,0
20,1,4,20,20,20,20,4280,0
20,-19,-4,20,20,20,20,4282,0
20,14,-14,20,20,20,-20,4284,0
-20,8,-2,20,20,20,20,4285,0
20,19,-16,-20,-20,20,-20,4286,0
20,8,18,20,20,20,20,4290,0
20,20,0,20,20,20,20,4291,0
20,-10,-16,-20,20,20,20,4295,0
20,-8,12,20,20,20,20,4296,0
20,14,10,20,20,20,20,4298,0
20,-12,-18,20,20,-20,20,4301,0
20,-14,-18,20,20,20,20,4302,0
20,15,-16,20,20,20,20,4307,0
20,19,-18,20,20,20,20,4309,0
20,-11,-6,20,20,-20,20,4311,0
20,-13,-16,20,20,20,20,4314,0
20,-15,8,20,20,20,20,4318,0
20,20,-4,20,20,20,20,4322,0
20,-18,-20,20,20,20,20,4323,0
20,9,14,20,20,20,-20,4325,0
20,9,-10,20,20,-20,20,4327,0
20,0,-6,20,20,20,-20,4329,0
20,1,-2,20,20,20,20,4332,0
20,7,-12,20,20,20,20,4333,0
20,17,-6,-20,20,20,20,4334,0
20,18,-18,20,20,20,-20,4335,0
20,18,16,20,20,20,20,4336,0
20,14,-12,20,20,20,20,4339,0
20,-19,-4,20,20,20,20,4342,0
20,-11,0,20,-20,20,20,4343,0
20,-1,-10,-20,20,20,20,4344,0
20,18,-18,20,20,20,20,4345,0
20,-6,2,20,-20,20,20,4346,0
20,-7,14,20,20,20,20,4347,0
20,-17,-14,-20,20,20,20,4352,0
20,-18,-12,20,-20,20,20,4353,0
20,6,-10,20,20,20,20,4357,0
20,-6,-14,20,20,20,20,4360,0
20,-9,-8,20,-20,-20,20,4361,0
20,-5,14,20,20,20,20,4362,0
20,9,-10,20,20,20,20,4363,0
-20,16,-10,20,-20,20,20,4364,0
20,-16,12,20,20,-20,-20,4365,0
20,-13,-20,20,20,-20,-20,4366,0
20,-2,2,20,20,20,20,4367,0
20,-13,2,20,20,20,20,4371,0
20,17,-8,-20,-20,20,20,4372,0
20,16,-12,20,20,20,20,4373,0
20,5,0,20,20,20,20,4374,0
20,9,-4,20,20,20,20,4375,0
20,12,0,20,20,-20,-20,4378,0
20,9,-14,20,20,20,20,4379,0
20,6,-14,20,20,20,20,4380,0
20,-4,-10,20,20,20,20,4381,0
-20,18,-20,20,20,-20,20,4382,0
20,18,0,20,20,20,20,4384,0
20,0,18,20,20,20,20,4387,0
20,12,-16,20,20,20,20,4388,0
-20,7,8,20,20,20,20,4389,0
20,17,18,20,20,20,-20,4390,0
20,-15,-18,20,-20,20,20,4391,0
20,18,-6,20,20,20,20,4395,0
20,-12,-2,20,20,20,20,4397,0
20,17,4,20,-20,20,20,4398,0
20,10,-10,20,20,20,20,4399,0
20,4,2,20,-20,20,20,4401,0
-20,6,14,20,20,20,20,4404,0
20,3,12,20,-20,20,20,4406,0
20,4,-8,20,20,20,20,4410,0
20,-19,6,20,20,20,20,4411,0
20,-10,-8,-20,20,20,20,4412,0
20,5,18,20,20,20,-20,4413,0
20,18,-14,20,20,20,20,4414,0
20,-12,-2,20,20,20,20,4415,0
20,17,4,20,20,20,20,4416,0
20,-14,-8,20,20,20,20,4417,0
20,11,10,20,20,20,20,4423,0
20,9,2,-20,20,20,-20,4424,0
20,-16,-20,20,20,20,20,4429,0
20,-2,-8,20,20,-20,20,4430,0
20,0,-16,20,20,20,20,4432,0
20,0,-14,20,20,20,20,4436,0
20,9,-20,20,20,20,20,4440,0
20,15,-18,20,20,20,20,4441,0
20,16,20,20,20,20,20,4450,0
20,0,-2,20,20,20,20,4453,0
20,8,-16,20,20,20,20,4454,0
20,-14,20,20,-20,20,20,4455,0
20,16,-2,-20,20,-20,20,4456,0
20,-6,-6,20,20,20,20,4459,0
20,-10,-2,20,20,20,20,4462,0
20,14,4,20,-20,-20,20,4463,0
20,1,-16,20,20,20,20,4464,0
20,-16,16,20,20,20,20,4466,0
20,18,-2,20,20,-20,20,4467,0
20,14,-4,20,20,20,20,4469,0
-20,5,12,20,20,20,20,4470,0
20,-3,-12,20,20,20,20,4471,0
20,-5,20,20,20,20,-20,4473,0
20,0,16,-20,20,20,20,4474,0
20,11,-2,20,20,20,-20,4475,0
20,-15,4,20,20,20,20,4476,0
20,18,4,20,20,20,20,4477,0
20,4,-16,20,20,20,20,4478,0
20,15,10,20,20,20,20,4479,0
20,17,16,20,-20,20,20,4481,0
20,16,-4,20,20,20,20,4483,0
-20,-18,0,-20,20,20,20,4485,0
20,13,-2,20,20,20,-20,4486,0
20,12,0,20,20,20,20,4488,0
20,-10,0,20,20,20,20,4489,0
20,2,-8,20,20,20,20,4492,0
20,19,20,20,20,-20,20,4493,0
20,-13,-10,-20,20,-20,20,4499,0
-20,7,-10,20,20,20,20,4501,0
20,14,6,20,20,-20,20,4502,0
-20,-1,-16,20,20,20,20,4508,0
20,14,20,20,20,20,-20,4509,0
20,13,10,20,20,-20,-20,4513,0
20,20,-18,20,20,20,20,4514,0
20,14,-4,20,-20,20,20,4520,0
-20,20,8,-20,20,20,20,4521,0
-20,11,-4,-20,20,20,20,4522,0
20,-4,0,20,20,20,20,4523,0
-20,-5,-18,20,20,20,20,4525,0
20,19,-18,20,20,20,20,4526,0
20,-6,20,20,-20,20,20,4527,0
20,0,20,20,20,20,20,4530,0
20,-16,6,20,-20,20,20,4534,0
20,3,4,20,20,20,20,4537,0
20,-5,10,20,20,-20,20,4539,0
20,-3,-16,20,20,20,-20,4543,0
20,-1,-6,-20,20,-20,20,4544,0
20,15,-20,20,20,20,20,4546,0
20,6,18,20,20,-20,20,4547,0
20,-2,6,20,20,20,20,4548,0
20,4,-16,20,20,-20,20,4549,0
20,15,2,20,20,20,20,4553,0
20,-6,12,20,20,20,20,4556,0
20,10,-6,20,20,-20,-20,4558,0
20,8,-12,20,20,20,-20,4560,0
20,-18,16,20,20,20,20,4562,0
20,-9,10,-20,20,20,20,4564,0
20,15,-10,20,20,-20,20,4565,0
20,8,-16,20,20,20,20,4567,0
20,-12,-20,20,20,20,20,4569,0
20,-16,0,-20,20,20,20,4570,0
20,-18,-6,20,20,20,20,4574,0
20,-9,-8,20,20,20,20,4575,0
20,8,-4,20,20,20,20,4577,0
20,-15,-18,-20,20,20,20,4579,0
20,15,18,20,20,20,20,4581,0
20,-19,-4,20,20,20,20,4583,0
20,17,-4,20,20,-20,20,4584,0
20,6,-2,20,20,20,20,4585,0
20,4,10,20,20,20,20,4586,0
20,-19,2,20,20,20,20,4588,0
20,1,-18,20,20,20,-20,4591,0
20,16,10,20,-20,20,20,4592,0
20,6,4,-20,20,20,-20,4593,0
20,-9,14,20,20,20,20,4595,0
20,17,0,20,20,20,20,4599,0
-20,-16,10,20,20,20,-20,4602,0
20,20,-10,20,20,20,20,4603,0
20,16,8,-20,20,20,20,4605,0
20,1,-10,20,20,20,20,4606,0
-20,-1,-10,20,20,-20,20,4607,0
20,-3,-14,20,20,20,-20,4610,0
20,11,10,-20,20,-20,20,4611,0
20,2,4,20,20,20,-20,4614,0
20,-8,-14,20,20,20,20,4615,0
20,-8,-20,20,20,20,-20,4618,0
20,3,-12,20,20,20,20,4619,0
20,2,12,20,20,20,20,4621,0
20,-7,10,20,20,20,20,4622,0
20,7,12,20,20,-20,20,4624,0
20,-11,20,20,20,20,20,4625,0
20,-11,-12,20,20,20,20,4628,0
20,5,-2,20,20,20,20,4629,0
20,-13,-18,20,20,20,20,4630,0
20,-14,-8,20,20,20,20,4631,0
20,4,-2,20,20,20,20,4633,0
20,14,0,20,20,20,20,4636,0
20,-7,-8,20,20,20,20,4637,0
20,18,4,20,20,20,20,4643,0
20,0,-2,20,20,-20,20,4644,0
-20,19,-8,20,20,20,20,4645,0
20,5,-10,20,-20,20,20,4647,0
20,-7,8,20,20,20,20,4652,0
20,-15,0,-20,20,20,20,4653,0
20,-6,-2,-20,-20,20,20,4654,0
20,18,-10,20,20,-20,20,4655,0
20,6,-4,20,20,20,20,4656,0
20,10,2,20,20,20,20,4657,0
20,-5,12,20,-20,20,20,4659,0
20,-19,-18,20,20,20,20,4661,0
20,-13,-18,20,20,20,20,4663,0
20,-9,8,20,20,20,-20,4664,0
20,-14,8,-20,20,20,20,4666,0
20,7,-14,20,20,20,-20,4667,0
20,3,-6,20,-20,20,-20,4668,0
20,-1,4,20,-20,-20,20,4669,0
20,-4,0,20,20,20,20,4670,0
20,12,-18,20,20,20,20,4671,0
20,16,14,20,20,20,20,4673,0
20,19,10,-20,20,20,20,4677,0
20,19,-12,20,20,20,20,4678,0
20,-5,12,20,20,20,-20,4679,0
20,14,6,20,20,-20,20,4682,0
20,8,16,20,20,20,20,4683,0
20,9,-18,20,20,20,-20,4685,0
20,-2,16,20,20,20,20,4686,0
20,-4,18,20,20,20,20,4687,0
20,17,-2,20,20,20,20,4691,0
20,-14,16,20,20,-20,20,4694,0
20,17,-10,20,20,20,-20,4696,0
20,13,-6,20,20,20,20,4698,0
20,15,-12,20,20,20,-20,4699,0
20,-15,16,20,20,20,20,4700,0
20,-14,4,20,20,20,20,4706,0
20,-16,-8,20,20,20,20,4709,0
-20,-13,4,20,20,20,-20,4712,0
20,5,20,20,20,20,20,4713,0
20,15,18,20,20,-20,20,4714,0
20,-7,-4,20,20,20,20,4715,0
20,10,-4,20,20,20,20,4716,0
20,-13,-12,20,20,20,20,4717,0
20,3,-20,20,20,-20,20,4719,0
-20,11,-10,20,20,20,20,4721,0
20,7,-10,20,20,20,20,4722,0
20,-4,8,20,20,-20,-20,4724,0
-20,5,-14,20,-20,20,20,4729,0
20,-18,-6,20,20,20,20,4730,0
20,-14,-6,20,20,-20,20,4732,0
20,20,18,20,20,20,20,4734,0
20,4,-4,20,20,20,-20,4735,0
20,11,12,20,20,20,20,4745,0
20,-10,-6,20,20,20,20,4748,0
20,3,12,20,20,20,-20,4750,0
20,9,-2,20,-20,20,20,4751,0
20,17,18,20,20,20,20,4752,0
20,-7,2,20,20,-20,20,4754,0
20,10,18,20,20,20,20,4756,0
20,-7,20,20,20,20,20,4757,0
20,-3,10,20,20,20,20,4764,0
20,0,-20,-20,20,20,20,4766,0
20,-11,-6,20,20,20,20,4767,0
20,14,-16,20,20,-20,20,4769,0
20,-3,-12,20,20,20,20,4770,0
20,-16,16,20,20,-20,20,4772,0
20,19,8,20,20,20,20,4774,0
20,15,16,20,20,20,20,4775,0
20,-14,18,-20,-20,20,20,4777,0
20,-15,12,20,-20,20,20,4779,0
20,-18,12,20,-20,-20,-20,4780,0
20,-5,14,20,20,20,20,4781,0
20,1,0,-20,20,20,20,4782,0
20,13,-8,20,20,20,20,4783,0
20,-16,8,-20,20,20,20,4784,0
20,10,4,20,20,20,-20,4787,0
20,14,-18,20,20,20,20,4788,0
20,17,6,20,20,20,20,4789,0
20,19,-16,20,20,20,20,4793,0
20,2,-18,20,20,20,20,4795,0
20,-16,-20,20,20,20,20,4796,0
20,-7,-16,-20,20,20,20,4801,0
20,-14,14,20,20,20,20,4802,0
20,-18,-2,20,20,20,20,4806,0
20,2,16,20,20,20,20,4808,0
20,-12,4,20,20,20,20,4809,0
20,9,-8,20,20,20,20,4813,0
20,-11,-12,20,-20,20,20,4815,0
20,12,12,20,20,20,20,4817,0
20,12,-18,20,-20,20,-20,4824,0
20,-3,-12,-20,20,20,20,4826,0
20,17,-20,-20,20,20,20,4827,0
20,16,-14,20,20,20,20,4829,0
-20,10,-6,20,20,20,-20,4831,0
20,-8,12,20,20,20,20,4834,0
20,18,6,20,-20,-20,20,4837,0
20,-12,2,20,20,20,20,4841,0
20,4,0,-20,20,20,20,4844,0
20,-19,-8,20,20,20,20,4845,0
20,16,2,20,20,20,20,4848,0
20,-17,8,20,20,20,20,4850,0
20,-12,0,20,20,20,20,4852,0
20,-7,20,20,20,-20,20,4855,0
20,14,-20,20,20,20,20,4856,0
20,14,12,20,20,20,20,4857,0
20,-4,-20,20,20,20,20,4859,0
20,16,20,20,20,20,20,4862,0
20,20,20,-20,-20,20,20,4863,0
20,-15,-14,20,20,20,20,4865,0
20,-13,20,-20,20,20,20,4866,0
20,5,-12,20,20,20,20,4869,0
-20,3,-8,20,-20,20,20,4870,0
20,-6,-14,20,20,-20,20,4871,0
-20,19,6,-20,-20,20,20,4874,0
20,16,8,20,20,20,-20,4876,0
20,5,2,-20,-20,20,20,4877,0
20,11,-4,20,20,-20,20,4879,0
20,-12,16,20,20,20,20,4881,0
20,5,0,20,20,-20,20,4884,0
20,-15,-6,20,20,20,20,4885,0
20,-5,-18,20,20,-20,20,4886,0
20,20,-16,20,20,20,20,4888,0
20,8,-10,-20,20,20,20,4889,0
20,14,-10,20,20,20,-20,4894,0
20,1,-14,20,20,20,20,4898,0
20,-10,10,20,20,20,20,4902,0
20,-9,12,20,20,20,20,4904,0
-20,-5,2,20,20,-20,20,4906,0
-20,-3,14,20,20,20,20,4907,0
20,1,2,20,20,20,20,4908,0
20,-11,20,20,20,20,20,4910,0
20,6,4,20,20,20,20,4913,0
-20,-13,8,20,-20,20,20,4915,0
20,-3,-4,20,-20,20,20,4917,0
20,13,-10,20,20,-20,20,4919,0
20,-2,20,-20,20,20,-20,4920,0
20,-11,-2,20,20,20,20,4921,0
20,-9,-20,20,20,20,20,4924,0
20,12,-2,20,20,20,20,4928,0
20,5,-6,20,-20,-20,20,4929,0
20,11,-16,-20,20,20,20,4931,0
20,8,8,-20,-20,20,20,4933,0
-20,7,-14,-20,20,20,20,4934,0
20,1,2,20,20,20,20,4935,0
20,4,-14,-20,-20,-20,20,4936,0
20,6,-12,20,20,20,20,4937,0
20,17,-2,-20,20,20,20,4939,0
20,-11,0,20,20,20,20,4942,0
20,11,-4,20,20,20,20,4943,0
20,20,6,-20,20,-20,-20,4944,0
-20,20,-20,20,20,20,20,4948,0
20,-1,-8,20,20,20,20,4950,0
20,-13,-2,20,20,20,20,4954,0
20,-2,-2,20,20,20,20,4955,0
20,-10,18,20,20,20,20,4960,0
20,-15,16,20,20,20,20,4961,0
20,12,-16,20,20,20,20,4962,0
20,-10,8,20,20,20,20,4964,0
-20,0,8,20,20,20,20,4965,0
20,1,-14,20,20,20,20,4967,0
20,11,16,20,20,20,20,4968,0
20,-19,-8,20,20,-20,20,4969,0
20,7,-18,20,20,20,20,4971,0
20,-6,8,20,-20,20,20,4974,0
20,-1,-12,20,20,20,20,4975,0
20,0,6,20,-20,20,20,4977,0
20,-18,20,20,20,-20,20,4978,0
20,19,-20,-20,20,20,20,4979,0
20,6,-18,20,20,20,20,4980,0
20,3,6,20,20,20,-20,4981,0
20,-14,0,20,-20,20,20,4984,0
20,-17,0,20,20,-20,20,4986,0
20,-13,2,20,20,20,20,4987,0
20,6,18,20,20,20,20,4992,0
20,-5,18,20,20,20,20,4994,0
20,-11,16,-20,20,20,20,4995,0
20,19,-14,20,20,20,20,5000,0
